"file","year","state","density","Gender","decade"
"1997_Massachusetts_Southbridge_Southbridge_2-1.png",1997,"Massachusetts",0.364120744172737,"Female","90s"
"1973_California_San-Francisco_Abraham-Lincoln_0-3.png",1973,"California",0.359353592991147,"Female","70s"
"1992_Indiana_Evansville_Harrison_16-16.png",1992,"Indiana",0.357643625590169,"Female","90s"
"1970_California_San-Francisco_Abraham-Lincoln_24-11.png",1970,"California",0.352768804425459,"Female","70s"
"1986_Massachusetts_Plymouth_Plymouth-Carver_2-9.png",1986,"Massachusetts",0.352550295352972,"Female","80s"
"2013_Virginia_Arlington_Washington-Lee_12-4.png",2013,"Virginia",0.33739095676079,"Female","10s"
"1985_Missouri_Kansas-City_Paseo_3-010.png",1985,"Missouri",0.335068248219955,"Female","80s"
"1997_Indiana_Evansville_Harrison_15-1.png",1997,"Indiana",0.334763647306336,"Female","90s"
"1972_California_San-Francisco_Abraham-Lincoln_25-7.png",1972,"California",0.334190674712895,"Female","70s"
"1945_New-York_Brooklyn_Samuel-J-Tilden_f-51-3.png",1945,"New-York",0.331888131476143,"Female","40s"
"2000_Virginia_Arlington_Washington-Lee_f-9-3.png",2000,"Virginia",0.331466989130853,"Female","00s"
"1970_Pennsylvania_Pittsburgh_North-Hills_21-6.png",1970,"Pennsylvania",0.330735849008104,"Female","70s"
"1997_California_Brentwood_Liberty-Union_10-5.png",1997,"California",0.328493743009386,"Female","90s"
"1977_Massachusetts_Southbridge_Southbridge_2-2.png",1977,"Massachusetts",0.327206500062064,"Female","70s"
"1984_New-York_Brooklyn_Samuel-J-Tilden_5-0.png",1984,"New-York",0.327132605240312,"Female","80s"
"1994_California_San-Francisco_Abraham-Lincoln_12-5.png",1994,"California",0.326866383085791,"Female","90s"
"1979_California_San-Francisco_Abraham-Lincoln_24-3.png",1979,"California",0.326751370909122,"Female","70s"
"1980_California_San-Francisco_Abraham-Lincoln_4-3.png",1980,"California",0.326257528181506,"Female","80s"
"1987_New-York_Brooklyn_Samuel-J-Tilden_f-1-11.png",1987,"New-York",0.325952985476436,"Female","80s"
"1982_California_San-Francisco_Abraham-Lincoln_28-5.png",1982,"California",0.325466660732189,"Female","80s"
"1974_California_San-Francisco_Abraham-Lincoln_9-6.png",1974,"California",0.323777713602464,"Female","70s"
"1944_Missouri_Kansas-City_Paseo_f-3-14.png",1944,"Missouri",0.32282647484817,"Female","40s"
"1969_Alabama_Jasper_Dora_9-3.png",1969,"Alabama",0.322268935436605,"Female","60s"
"1974_California_San-Francisco_Abraham-Lincoln_7-7.png",1974,"California",0.321512698348658,"Female","70s"
"1975_California_San-Francisco_Abraham-Lincoln_16-16.png",1975,"California",0.321167546100053,"Female","70s"
"1974_Vermont_Rutland_Rutland_1-02.png",1974,"Vermont",0.3210612519342,"Female","70s"
"1999_California_San-Francisco_Abraham-Lincoln_12-12.png",1999,"California",0.320370190493018,"Female","90s"
"1995_California_Brentwood_Liberty-Union_7-13.png",1995,"California",0.319692870926109,"Female","90s"
"2005_Indiana_Evansville_Harrison_4-17.png",2005,"Indiana",0.319215320538554,"Female","00s"
"1945_New-York_Brooklyn_Samuel-J-Tilden_f-68-0.png",1945,"New-York",0.318463547580655,"Female","40s"
"1976_California_San-Francisco_Abraham-Lincoln_13-11.png",1976,"California",0.318251926209367,"Female","70s"
"1982_California_San-Francisco_Abraham-Lincoln_20-7.png",1982,"California",0.317689068166253,"Female","80s"
"2001_California_San-Francisco_Abraham-Lincoln_10-3.png",2001,"California",0.317593743285062,"Female","00s"
"2004_California_San-Francisco_Abraham-Lincoln_4-0.png",2004,"California",0.316773816731026,"Female","00s"
"1964_California_San-Francisco_Abraham-Lincoln_26-24.png",1964,"California",0.316479485435308,"Female","60s"
"2011_Vermont_Rutland_Rutland_8-8.png",2011,"Vermont",0.316269867136612,"Female","10s"
"1979_California_San-Francisco_Abraham-Lincoln_5-7.png",1979,"California",0.316131013902399,"Female","70s"
"1981_Missouri_Kansas-City_Paseo_3-04.png",1981,"Missouri",0.315111864398035,"Female","80s"
"1946_Missouri_Kansas-City_Paseo_16-9.png",1946,"Missouri",0.314937338869423,"Female","40s"
"2010_Virginia_Arlington_Washington-Lee_f-1-5.png",2010,"Virginia",0.314543601574719,"Female","10s"
"1963_Missouri_Kansas-City_Paseo_0-11.png",1963,"Missouri",0.314511032261655,"Female","60s"
"1995_Indiana_Evansville_Harrison_11-19.png",1995,"Indiana",0.314490029918635,"Female","90s"
"1946_Missouri_Kansas-City_Paseo_0-2.png",1946,"Missouri",0.314235796164055,"Female","40s"
"1982_California_San-Francisco_Abraham-Lincoln_17-3.png",1982,"California",0.313939595908243,"Female","80s"
"2010_Virginia_Arlington_Washington-Lee_3-16.png",2010,"Virginia",0.313800380616855,"Female","10s"
"1972_California_San-Francisco_Abraham-Lincoln_1-12.png",1972,"California",0.313581956063181,"Female","70s"
"1975_Pennsylvania_Pittsburgh_South-Hills_1-11.png",1975,"Pennsylvania",0.312337127357251,"Female","70s"
"1984_Texas_Houston_Milby_13-25.png",1984,"Texas",0.31196708187337,"Female","80s"
"1973_New-York_Brooklyn_Thomas-Jefferson_17-2.png",1973,"New-York",0.311787891278798,"Female","70s"
"1967_Virginia_Arlington_Washington-Lee_f-9-10.png",1967,"Virginia",0.311764583877234,"Female","60s"
"2010_Virginia_Arlington_Washington-Lee_f-4-22.png",2010,"Virginia",0.311714636751086,"Female","10s"
"1995_California_Brentwood_Liberty-Union_0-7.png",1995,"California",0.310498906731687,"Female","90s"
"1984_Texas_Houston_Milby_10-7.png",1984,"Texas",0.310380276311605,"Female","80s"
"1985_Vermont_Rutland_Rutland_5-5.png",1985,"Vermont",0.309017570869886,"Female","80s"
"1943_Ohio_Cleveland_Collinwood_22-4.png",1943,"Ohio",0.308819650626886,"Female","40s"
"1974_New-York_Brooklyn_Samuel-J-Tilden_18-22.png",1974,"New-York",0.308423121417334,"Female","70s"
"1984_New-York_Brooklyn_Samuel-J-Tilden_5-1.png",1984,"New-York",0.308274478902167,"Female","80s"
"1987_New-York_Brooklyn_Samuel-J-Tilden_20-03.png",1987,"New-York",0.307255323809781,"Female","80s"
"1945_Ohio_Cleveland_Collinwood_19-00.png",1945,"Ohio",0.307016672018128,"Female","40s"
"1989_Missouri_Kansas-City_Paseo_3-2.png",1989,"Missouri",0.306662229685086,"Female","80s"
"2000_New-York_Brooklyn_Samuel-J-Tilden_11-2.png",2000,"New-York",0.306563320321441,"Female","00s"
"1945_Missouri_Kansas-City_Paseo_f-5-8.png",1945,"Missouri",0.306275455762695,"Female","40s"
"1977_South-Carolina_Charleston_Middleton_18-3.png",1977,"South-Carolina",0.30550039030462,"Female","70s"
"1974_California_San-Francisco_Abraham-Lincoln_33-10.png",1974,"California",0.305315007484595,"Female","70s"
"1994_California_San-Francisco_Abraham-Lincoln_2-2.png",1994,"California",0.304074296451428,"Female","90s"
"1984_Massachusetts_Plymouth_Plymouth-Carver_57-6.png",1984,"Massachusetts",0.303480609763703,"Female","80s"
"1979_Massachusetts_Southbridge_Southbridge_24-4.png",1979,"Massachusetts",0.302868736862563,"Female","70s"
"2010_California_San-Francisco_Abraham-Lincoln_21-13.png",2010,"California",0.302763327000988,"Female","10s"
"1945_Washington_Seattle_Broadway_7-7.png",1945,"Washington",0.302511423451045,"Female","40s"
"1991_California_San-Francisco_Abraham-Lincoln_6-11.png",1991,"California",0.302487932110466,"Female","90s"
"1980_California_San-Francisco_Abraham-Lincoln_16-0.png",1980,"California",0.302202680649906,"Female","80s"
"1988_California_San-Francisco_Abraham-Lincoln_14-14.png",1988,"California",0.301892128959895,"Female","80s"
"1991_California_San-Francisco_Abraham-Lincoln_15-6.png",1991,"California",0.301689669614236,"Female","90s"
"1998_Vermont_Rutland_Rutland_10-3.png",1998,"Vermont",0.301496318509506,"Female","90s"
"1940_Texas_Houston_Milby_5-14.png",1940,"Texas",0.301483873521708,"Female","40s"
"1984_California_San-Francisco_Abraham-Lincoln_25-8.png",1984,"California",0.301241230253425,"Female","80s"
"1980_California_San-Diego_Mission-Bay_2-02.png",1980,"California",0.300013890655324,"Female","80s"
"2003_Kansas_Kansas-City_Harmon_0-7.png",2003,"Kansas",0.29959793143208,"Female","00s"
"1944_Massachusetts_Plymouth_Plymouth_12-7.png",1944,"Massachusetts",0.298995634070103,"Female","40s"
"1940_Virginia_Arlington_Washington-Lee_f-11-24.png",1940,"Virginia",0.298839489637127,"Female","40s"
"2013_Virginia_Arlington_Washington-Lee_23-5.png",2013,"Virginia",0.298711596607043,"Female","10s"
"1979_New-York_Brooklyn_Samuel-J-Tilden_f-11-4.png",1979,"New-York",0.29829208479963,"Female","70s"
"1968_California_San-Francisco_Abraham-Lincoln_29-10.png",1968,"California",0.296428811214532,"Female","60s"
"1999_Indiana_Evansville_Harrison_10-19.png",1999,"Indiana",0.296227538159103,"Female","90s"
"1972_Virginia_Arlington_Washington-Lee_21-5.png",1972,"Virginia",0.296042610297098,"Female","70s"
"1948_New-York_Brooklyn_Thomas-Jefferson_47-3.png",1948,"New-York",0.295856966935607,"Female","40s"
"1943_New-York_Brooklyn_Thomas-Jefferson_f-10-13.png",1943,"New-York",0.295295637216158,"Female","40s"
"2009_Alabama_Jasper_Dora_9-7.png",2009,"Alabama",0.294364761675014,"Female","00s"
"1943_New-York_Brooklyn_Thomas-Jefferson_11-18.png",1943,"New-York",0.294104623012378,"Female","40s"
"1945_Alabama_Jasper_Dora_3-3.png",1945,"Alabama",0.293760171361871,"Female","40s"
"1980_Massachusetts_Southbridge_St-Marys_8-3.png",1980,"Massachusetts",0.293004573170959,"Female","80s"
"1991_Massachusetts_Plymouth_Plymouth-North_10-6.png",1991,"Massachusetts",0.29262500011176,"Female","90s"
"1981_Massachusetts_Plymouth_Plymouth-Carver_27-9.png",1981,"Massachusetts",0.292084025223431,"Female","80s"
"1942_Pennsylvania_Pittsburgh_Carrick_3-9.png",1942,"Pennsylvania",0.291772354299438,"Female","40s"
"1973_New-York_Brooklyn_Thomas-Jefferson_27-01.png",1973,"New-York",0.291248908799255,"Female","70s"
"1964_Missouri_Kansas-City_Paseo_3-00.png",1964,"Missouri",0.291028046005877,"Female","60s"
"1987_Massachusetts_Southbridge_St-Marys_2-3.png",1987,"Massachusetts",0.290883579837691,"Female","80s"
"1977_Texas_Houston_Milby_44-11.png",1977,"Texas",0.290803555655718,"Female","70s"
"1965_Virginia_Arlington_Washington-Lee_5-2.png",1965,"Virginia",0.289936281569337,"Female","60s"
"1949_California_Brentwood_Liberty-Union_0-10.png",1949,"California",0.289921069114279,"Female","40s"
"1973_New-York_Brooklyn_Thomas-Jefferson_37-03.png",1973,"New-York",0.28953946806923,"Female","70s"
"1982_Vermont_Rutland_Rutland_12-12.png",1982,"Vermont",0.289485280566697,"Female","80s"
"1992_California_San-Francisco_Abraham-Lincoln_1-9.png",1992,"California",0.289245169835968,"Female","90s"
"2010_Vermont_Rutland_Rutland_0-7.png",2010,"Vermont",0.28853613452616,"Female","10s"
"1982_Missouri_Kansas-City_Paseo_3-0.png",1982,"Missouri",0.288161745986013,"Female","80s"
"2009_Virginia_Arlington_Washington-Lee_f-12-5.png",2009,"Virginia",0.288053521159003,"Female","00s"
"2010_California_San-Diego_Mission-Bay_4-011.png",2010,"California",0.287258426372015,"Female","10s"
"1965_Virginia_Arlington_Washington-Lee_38-7.png",1965,"Virginia",0.286702242055474,"Female","60s"
"1984_Texas_Houston_Milby_24-23.png",1984,"Texas",0.286085734589654,"Female","80s"
"1988_California_San-Francisco_Abraham-Lincoln_23-3.png",1988,"California",0.286035030985202,"Female","80s"
"2010_Vermont_Rutland_Rutland_f-21-10.png",2010,"Vermont",0.285656295663443,"Female","10s"
"1999_Massachusetts_Plymouth_Plymouth-North_7-5.png",1999,"Massachusetts",0.285363512249463,"Female","90s"
"2013_Virginia_Arlington_Washington-Lee_17-04.png",2013,"Virginia",0.285327493264945,"Female","10s"
"1993_Massachusetts_Plymouth_Plymouth-North_5-6.png",1993,"Massachusetts",0.28487307751598,"Female","90s"
"1947_North-Carolina_Lincolnton_Lincolnton_7-5.png",1947,"North-Carolina",0.284752957422709,"Female","40s"
"2010_Vermont_Rutland_Rutland_f-20-10.png",2010,"Vermont",0.284555411809932,"Female","10s"
"2012_Vermont_Rutland_Rutland_10-4.png",2012,"Vermont",0.284016477713334,"Female","10s"
"2004_Vermont_Rutland_Rutland_5-4.png",2004,"Vermont",0.283944313082495,"Female","00s"
"1942_Vermont_Rutland_Rutland_9-13.png",1942,"Vermont",0.283506578739533,"Female","40s"
"1978_Massachusetts_Southbridge_St-Marys_0-6.png",1978,"Massachusetts",0.283162864009257,"Female","70s"
"1982_Missouri_Kansas-City_Paseo_12-011.png",1982,"Missouri",0.283003947452339,"Female","80s"
"1985_Missouri_Kansas-City_Paseo_1-6.png",1985,"Missouri",0.282789507855937,"Female","80s"
"2013_Kansas_Kansas-City_Harmon_f-5-11.png",2013,"Kansas",0.282655297568436,"Female","10s"
"2013_Kansas_Kansas-City_Harmon_3-15.png",2013,"Kansas",0.282629010121992,"Female","10s"
"1975_California_San-Francisco_Abraham-Lincoln_17-3.png",1975,"California",0.282150476242791,"Female","70s"
"1986_California_San-Francisco_Abraham-Lincoln_14-15.png",1986,"California",0.281784352850949,"Female","80s"
"2009_Virginia_Arlington_Washington-Lee_f-4-14.png",2009,"Virginia",0.280067518471016,"Female","00s"
"1943_New-York_Brooklyn_Thomas-Jefferson_f-35-0.png",1943,"New-York",0.280044491867493,"Female","40s"
"2013_Virginia_Arlington_Washington-Lee_22-6.png",2013,"Virginia",0.279759984312191,"Female","10s"
"2005_Indiana_Evansville_Harrison_21-18.png",2005,"Indiana",0.279017420179594,"Female","00s"
"1945_Washington_Seattle_Broadway_7-9.png",1945,"Washington",0.278998220206089,"Female","40s"
"2004_New-York_Brooklyn_Samuel-J-Tilden_3-4.png",2004,"New-York",0.278567681371133,"Female","00s"
"1943_Missouri_Kansas-City_Paseo_5-5.png",1943,"Missouri",0.27803403680181,"Female","40s"
"1964_Massachusetts_Southbridge_Southbridge_11-3.png",1964,"Massachusetts",0.277981322674072,"Female","60s"
"1949_North-Carolina_Lincolnton_Lincolnton_2-16.png",1949,"North-Carolina",0.277801144396839,"Female","40s"
"1948_Pennsylvania_Pittsburgh_David-B-Oliver_15-4.png",1948,"Pennsylvania",0.277448418750328,"Female","40s"
"1992_California_San-Francisco_Abraham-Lincoln_6-8.png",1992,"California",0.2773170339058,"Female","90s"
"1964_Indiana_Indianapolis_Arlington_13-0.png",1964,"Indiana",0.276848231331838,"Female","60s"
"1974_New-York_Brooklyn_Samuel-J-Tilden_13-6.png",1974,"New-York",0.276448054774599,"Female","70s"
"1945_Washington_Seattle_Broadway_3-12.png",1945,"Washington",0.275797530465516,"Female","40s"
"1977_Texas_Houston_Milby_25-9.png",1977,"Texas",0.275775376058893,"Female","70s"
"1995_Indiana_Evansville_Harrison_5-23.png",1995,"Indiana",0.275682575798893,"Female","90s"
"1997_Vermont_Rutland_Rutland_6-03.png",1997,"Vermont",0.275361027815453,"Female","90s"
"2001_Indiana_Evansville_Harrison_3-14.png",2001,"Indiana",0.275303157341601,"Female","00s"
"1997_Vermont_Rutland_Rutland_14-010.png",1997,"Vermont",0.275010547389098,"Female","90s"
"1962_Missouri_Kansas-City_Paseo_14-5.png",1962,"Missouri",0.274404426423947,"Female","60s"
"1998_California_Brentwood_Liberty-Union_27-4.png",1998,"California",0.273943540212664,"Female","90s"
"1969_Michigan_Charlevoix_Charlevoix_f-7-6.png",1969,"Michigan",0.273842665495566,"Female","60s"
"2012_Massachusetts_Plymouth_Plymouth-North_24-5.png",2012,"Massachusetts",0.273633900999868,"Female","10s"
"1943_Vermont_Rutland_Rutland_0-6.png",1943,"Vermont",0.273020923766135,"Female","40s"
"2005_Indiana_Evansville_Harrison_12-23.png",2005,"Indiana",0.273013195533488,"Female","00s"
"2013_Virginia_Arlington_Washington-Lee_9-2.png",2013,"Virginia",0.272767015979429,"Female","10s"
"2013_California_San-Francisco_Abraham-Lincoln_24-8.png",2013,"California",0.272470215477059,"Female","10s"
"2004_New-York_Brooklyn_Samuel-J-Tilden_14-01.png",2004,"New-York",0.27208017978041,"Female","00s"
"1990_California_San-Francisco_Abraham-Lincoln_10-12.png",1990,"California",0.271742008133848,"Female","90s"
"2005_Indiana_Evansville_Harrison_1-15.png",2005,"Indiana",0.271736175870062,"Female","00s"
"1966_Missouri_Kansas-City_Paseo_f-12-5.png",1966,"Missouri",0.271727086023034,"Female","60s"
"1962_Missouri_Kansas-City_Paseo_1-8.png",1962,"Missouri",0.271537670747561,"Female","60s"
"2005_Vermont_Rutland_Rutland_10-16.png",2005,"Vermont",0.271123029831537,"Female","00s"
"2012_Vermont_Rutland_Rutland_6-00.png",2012,"Vermont",0.27083751829518,"Female","10s"
"1968_Missouri_Kansas-City_Paseo_f-2-4.png",1968,"Missouri",0.270746082210737,"Female","60s"
"1990_California_San-Francisco_Abraham-Lincoln_14-16.png",1990,"California",0.270445936113798,"Female","90s"
"1994_Indiana_Evansville_Harrison_11-5.png",1994,"Indiana",0.270273147295458,"Female","90s"
"2013_Kansas_Kansas-City_Harmon_f-5-6.png",2013,"Kansas",0.269561137295955,"Female","10s"
"1997_Indiana_Evansville_Harrison_5-9.png",1997,"Indiana",0.268482967582476,"Female","90s"
"1945_New-York_Brooklyn_Samuel-J-Tilden_f-25-1.png",1945,"New-York",0.268119982329933,"Female","40s"
"2013_Virginia_Arlington_Washington-Lee_9-6.png",2013,"Virginia",0.268004378055902,"Female","10s"
"2012_Vermont_Rutland_Rutland_4-0.png",2012,"Vermont",0.267995877512225,"Female","10s"
"1962_Alabama_Birmingham_Parker_10-5.png",1962,"Alabama",0.266895372247117,"Female","60s"
"1978_Massachusetts_Southbridge_Southbridge_4-3.png",1978,"Massachusetts",0.26560721519274,"Female","70s"
"1991_Indiana_Evansville_Harrison_7-16.png",1991,"Indiana",0.264770271951459,"Female","90s"
"2003_Vermont_Rutland_Rutland_19-3.png",2003,"Vermont",0.26457894324456,"Female","00s"
"1948_New-York_Brooklyn_Thomas-Jefferson_11-1.png",1948,"New-York",0.263901922403925,"Female","40s"
"2009_Kansas_Kansas-City_Schlagle_f-0-14.png",2009,"Kansas",0.26047575952005,"Female","00s"
"1971_California_San-Francisco_Abraham-Lincoln_10-12.png",1971,"California",0.260357252502092,"Female","70s"
"2013_Kansas_Kansas-City_Harmon_f-1-18.png",2013,"Kansas",0.259912655836859,"Female","10s"
"2010_Vermont_Rutland_Rutland_f-21-5.png",2010,"Vermont",0.259466630966665,"Female","10s"
"1967_Missouri_Kansas-City_Paseo_f-2-0.png",1967,"Missouri",0.259030821464005,"Female","60s"
"2012_California_San-Francisco_Abraham-Lincoln_0-4.png",2012,"California",0.258527375024289,"Female","10s"
"1965_Missouri_Kansas-City_Paseo_f-9-3.png",1965,"Missouri",0.257139597763465,"Female","60s"
"2005_Indiana_Evansville_Harrison_18-18.png",2005,"Indiana",0.256535235395,"Female","00s"
"2009_Massachusetts_Plymouth_Plymouth-North_13-7.png",2009,"Massachusetts",0.256490494674318,"Female","00s"
"2009_Virginia_Arlington_Washington-Lee_f-10-13.png",2009,"Virginia",0.256007584676395,"Female","00s"
"1965_Alabama_Huntsville_Lee_f-172.png",1965,"Alabama",0.255621176303693,"Female","60s"
"2008_California_San-Francisco_Abraham-Lincoln_12-8.png",2008,"California",0.255195503470608,"Female","00s"
"1998_Indiana_Evansville_Harrison_9-29.png",1998,"Indiana",0.25495531008374,"Female","90s"
"1945_New-York_Brooklyn_Samuel-J-Tilden_f-36-2.png",1945,"New-York",0.254930005430438,"Female","40s"
"1992_Indiana_Evansville_Harrison_15-11.png",1992,"Indiana",0.25473485172336,"Female","90s"
"1932_Missouri_Kansas-City_Paseo_24-1.png",1932,"Missouri",0.254265701760778,"Female","30s"
"2005_Indiana_Evansville_Harrison_12-3.png",2005,"Indiana",0.253948460977138,"Female","00s"
"2002_California_San-Diego_Mission-Bay_f-1512.png",2002,"California",0.252146328720683,"Female","00s"
"1933_Missouri_Kansas-City_Paseo_17-1.png",1933,"Missouri",0.251849015051744,"Female","30s"
"2013_Kansas_Kansas-City_Harmon_f-5-13.png",2013,"Kansas",0.251357163987844,"Female","10s"
"2005_Indiana_Evansville_Harrison_17-13.png",2005,"Indiana",0.251027386712566,"Female","00s"
"1950_Virginia_Arlington_Washington-Lee_31-7.png",1950,"Virginia",0.250332386648117,"Female","50s"
"1933_New-York_Brooklyn_Thomas-Jefferson_1-8.png",1933,"New-York",0.250326255890891,"Female","30s"
"1956_Massachusetts_Southbridge_Notre-Dame_0-4.png",1956,"Massachusetts",0.249320954898861,"Female","50s"
"2010_Massachusetts_Plymouth_Plymouth-North_8-13.png",2010,"Massachusetts",0.248944524169978,"Female","10s"
"2013_Kansas_Kansas-City_Harmon_3-8.png",2013,"Kansas",0.248823451552009,"Female","10s"
"1969_Vermont_Rutland_Rutland_5-2.png",1969,"Vermont",0.248814342146909,"Female","60s"
"1955_North-Carolina_Winston-Salem_Richard-J-Reynolds_0-8.png",1955,"North-Carolina",0.248714239275173,"Female","50s"
"1938_Missouri_Kansas-City_Paseo_7-7.png",1938,"Missouri",0.248194994103893,"Female","30s"
"1967_Massachusetts_Hingham_Hingham_16-0.png",1967,"Massachusetts",0.247896557941293,"Female","60s"
"1968_California_San-Francisco_Abraham-Lincoln_23-7.png",1968,"California",0.247662329533703,"Female","60s"
"2013_Virginia_Arlington_Washington-Lee_2-00.png",2013,"Virginia",0.246924965520049,"Female","10s"
"1952_North-Carolina_Lincolnton_Lincolnton_7-15.png",1952,"North-Carolina",0.24650439641255,"Female","50s"
"1960_California_San-Francisco_Abraham-Lincoln_15-24.png",1960,"California",0.246338359320237,"Female","60s"
"1951_California_San-Francisco_Abraham-Lincoln_8-9.png",1951,"California",0.244133089554067,"Female","50s"
"2009_Massachusetts_Plymouth_Plymouth-North_5-5.png",2009,"Massachusetts",0.243028466616196,"Female","00s"
"1963_North-Carolina_Biscoe_East-Montgomery_0-7.png",1963,"North-Carolina",0.241781291872902,"Female","60s"
"1932_Vermont_Rutland_Rutland_4-1.png",1932,"Vermont",0.241402543279593,"Female","30s"
"2001_California_Brentwood_Liberty-Union_20-15.png",2001,"California",0.238535434393731,"Female","00s"
"1978_Vermont_Rutland_Rutland_6-00.png",1978,"Vermont",0.238063063868543,"Male","70s"
"1959_Indiana_Indianapolis_Broad-Ripple_f-6-5.png",1959,"Indiana",0.236779366054696,"Female","50s"
"1977_Texas_Houston_Milby_4-17.png",1977,"Texas",0.236449206465668,"Male","70s"
"1972_Arizona_Douglas_Douglas_5-05.png",1972,"Arizona",0.236056994700619,"Male","70s"
"1964_Indiana_Indianapolis_Arlington_9-26.png",1964,"Indiana",0.235839050251059,"Female","60s"
"1966_California_San-Francisco_Abraham-Lincoln_24-8.png",1966,"California",0.235791263360585,"Female","60s"
"1976_California_San-Francisco_Abraham-Lincoln_23-8.png",1976,"California",0.2354971746781,"Male","70s"
"1985_California_San-Francisco_Abraham-Lincoln_5-7.png",1985,"California",0.235148645402311,"Male","80s"
"1938_New-York_Brooklyn_Samuel-J-Tilden_f-9-19.png",1938,"New-York",0.234224346263045,"Female","30s"
"2002_California_Brentwood_Liberty-Union_16-14.png",2002,"California",0.233909817997793,"Female","00s"
"1977_Texas_Houston_Milby_8-12.png",1977,"Texas",0.231752896019675,"Male","70s"
"1953_Pennsylvania_Pittsburgh_David-B-Oliver_24-1.png",1953,"Pennsylvania",0.231571483488367,"Female","50s"
"1979_California_San-Francisco_Abraham-Lincoln_6-2.png",1979,"California",0.231225062991895,"Male","70s"
"1967_California_San-Francisco_Abraham-Lincoln_21-0.png",1967,"California",0.23071914478435,"Female","60s"
"1935_Pennsylvania_Pittsburgh_Allegheny_11-3.png",1935,"Pennsylvania",0.230445579272109,"Female","30s"
"1974_California_San-Francisco_Abraham-Lincoln_9-11.png",1974,"California",0.229393261605127,"Male","70s"
"1938_New-York_Brooklyn_Samuel-J-Tilden_7-7.png",1938,"New-York",0.229389850816983,"Female","30s"
"1957_Missouri_Kansas-City_Paseo_f-7-16.png",1957,"Missouri",0.229268711142767,"Female","50s"
"1934_Pennsylvania_Pittsburgh_South_12-2.png",1934,"Pennsylvania",0.228674576482047,"Female","30s"
"1954_North-Carolina_Henderson_Henderson_10-7.png",1954,"North-Carolina",0.228087891118608,"Female","50s"
"1933_Vermont_Rutland_Rutland_14-7.png",1933,"Vermont",0.227513736891621,"Female","30s"
"1979_California_San-Francisco_Abraham-Lincoln_6-8.png",1979,"California",0.226899157292948,"Male","70s"
"1955_North-Carolina_Lincolnton_Lincolnton_6-10.png",1955,"North-Carolina",0.22641042341327,"Female","50s"
"1938_New-York_Brooklyn_Samuel-J-Tilden_f-3-14.png",1938,"New-York",0.226340550103758,"Female","30s"
"1959_Indiana_Indianapolis_Broad-Ripple_f-16-18.png",1959,"Indiana",0.225433097915609,"Female","50s"
"1982_Virginia_Arlington_Washington-Lee_40-9.png",1982,"Virginia",0.225235772563981,"Male","80s"
"1972_Missouri_Kansas-City_Paseo_13-10.png",1972,"Missouri",0.22502730423338,"Male","70s"
"1959_North-Carolina_Vale_Union_5-1.png",1959,"North-Carolina",0.22490191649925,"Female","50s"
"1979_New-York_Brooklyn_Samuel-J-Tilden_f-19-6.png",1979,"New-York",0.224856309169689,"Male","70s"
"1950_Virginia_Arlington_Washington-Lee_44-6.png",1950,"Virginia",0.224557991752528,"Female","50s"
"1969_Alabama_Birmingham_Jones-Valley_19-8.png",1969,"Alabama",0.224079199660204,"Female","60s"
"1958_Missouri_Kansas-City_Paseo_1-7.png",1958,"Missouri",0.223955858305825,"Female","50s"
"1937_Missouri_Kansas-City_Paseo_3-12.png",1937,"Missouri",0.223641532839159,"Female","30s"
"2007_Vermont_Rutland_Rutland_f-5-2.png",2007,"Vermont",0.223075586948932,"Female","00s"
"1982_Virginia_Arlington_Washington-Lee_25-4.png",1982,"Virginia",0.222983968089645,"Male","80s"
"1984_Missouri_Kansas-City_Paseo_6-08.png",1984,"Missouri",0.222458238485995,"Male","80s"
"1985_Massachusetts_Southbridge_Southbridge_8-6.png",1985,"Massachusetts",0.221039083091856,"Male","80s"
"1985_California_San-Francisco_Abraham-Lincoln_17-10.png",1985,"California",0.220701319137973,"Male","80s"
"1983_Massachusetts_Plymouth_Plymouth-Carver_26-5.png",1983,"Massachusetts",0.220694863809877,"Male","80s"
"1973_California_San-Francisco_Abraham-Lincoln_25-12.png",1973,"California",0.220616168878331,"Male","70s"
"1983_California_San-Francisco_Abraham-Lincoln_23-4.png",1983,"California",0.219153684902911,"Male","80s"
"1952_Virginia_Arlington_Washington-Lee_17-7.png",1952,"Virginia",0.219115608828268,"Female","50s"
"1954_Virginia_Arlington_Washington-Lee_f-53-7.png",1954,"Virginia",0.219007273172181,"Female","50s"
"1983_California_San-Francisco_Abraham-Lincoln_7-3.png",1983,"California",0.218873047750457,"Male","80s"
"1974_Vermont_Rutland_Rutland_14-021.png",1974,"Vermont",0.217079188325835,"Male","70s"
"1994_Indiana_Evansville_Harrison_1-9.png",1994,"Indiana",0.21682887596479,"Male","90s"
"1934_Pennsylvania_Pittsburgh_Perry_10-5.png",1934,"Pennsylvania",0.2167840521223,"Female","30s"
"1935_Vermont_Rutland_Rutland_14-8.png",1935,"Vermont",0.216321272736166,"Female","30s"
"1935_Pennsylvania_Pittsburgh_South_20-5.png",1935,"Pennsylvania",0.216216716444755,"Female","30s"
"1979_California_San-Francisco_Abraham-Lincoln_39-4.png",1979,"California",0.216154653092694,"Male","70s"
"1935_Vermont_Rutland_Rutland_3-9.png",1935,"Vermont",0.215623907774785,"Female","30s"
"1955_California_Brentwood_Liberty-Union_10-4.png",1955,"California",0.215467097436007,"Female","50s"
"1978_Massachusetts_Plymouth_Plymouth-Carver_14-7.png",1978,"Massachusetts",0.215466912565655,"Male","70s"
"1958_California_Brentwood_Liberty-Union_12-4.png",1958,"California",0.215328071438821,"Female","50s"
"1977_South-Carolina_Charleston_Middleton_9-8.png",1977,"South-Carolina",0.214989480225038,"Male","70s"
"1939_Missouri_Kansas-City_Paseo_2-8.png",1939,"Missouri",0.214589337894425,"Female","30s"
"1994_Indiana_Evansville_Harrison_1-11.png",1994,"Indiana",0.213302824649475,"Male","90s"
"1979_Massachusetts_Plymouth_Plymouth-Carver_44-11.png",1979,"Massachusetts",0.212977406263188,"Male","70s"
"1933_North-Carolina_Hickory_Hickory_8-7.png",1933,"North-Carolina",0.212068025043721,"Female","30s"
"1934_Pennsylvania_Pittsburgh_South_1-9.png",1934,"Pennsylvania",0.211763436470314,"Female","30s"
"1985_California_San-Francisco_Abraham-Lincoln_9-7.png",1985,"California",0.211540624156209,"Male","80s"
"1980_California_San-Francisco_Abraham-Lincoln_2-7.png",1980,"California",0.210859941765001,"Male","80s"
"1939_Vermont_Rutland_Rutland_8-5.png",1939,"Vermont",0.210048471516145,"Female","30s"
"1977_Texas_Houston_Milby_27-3.png",1977,"Texas",0.209681889906604,"Male","70s"
"1954_North-Carolina_Madison_Madison_6-2.png",1954,"North-Carolina",0.209538132485713,"Female","50s"
"1931_Vermont_Rutland_Rutland_1-3.png",1931,"Vermont",0.209452468360999,"Female","30s"
"1984_California_San-Francisco_Abraham-Lincoln_3-2.png",1984,"California",0.209438254764644,"Male","80s"
"1957_Missouri_Kansas-City_Paseo_f-11-3.png",1957,"Missouri",0.209372751054497,"Female","50s"
"1955_Virginia_Arlington_Washington-Lee_61-1.png",1955,"Virginia",0.209278272991278,"Female","50s"
"1959_Missouri_Kansas-City_Paseo_12-7.png",1959,"Missouri",0.208379654066872,"Female","50s"
"1952_North-Carolina_Madison_Madison_2-2.png",1952,"North-Carolina",0.208310547713203,"Female","50s"
"1935_Missouri_Kansas-City_Paseo_2-9.png",1935,"Missouri",0.206629164435184,"Female","30s"
"1952_California_Brentwood_Liberty-Union_7-4.png",1952,"California",0.206433146214734,"Female","50s"
"1982_Virginia_Arlington_Washington-Lee_22-7.png",1982,"Virginia",0.206422622109056,"Male","80s"
"1939_Vermont_Rutland_Rutland_9-3.png",1939,"Vermont",0.206234520251285,"Female","30s"
"1955_Virginia_Arlington_Washington-Lee_40-4.png",1955,"Virginia",0.205597206721674,"Female","50s"
"1982_Virginia_Arlington_Washington-Lee_24-3.png",1982,"Virginia",0.205117343592045,"Male","80s"
"1934_Missouri_Kansas-City_Paseo_f-10-1.png",1934,"Missouri",0.205091980730195,"Female","30s"
"1954_Alabama_Birmingham_Jones-Valley_0-6.png",1954,"Alabama",0.204997437007733,"Female","50s"
"1934_Pennsylvania_Pittsburgh_South_12-3.png",1934,"Pennsylvania",0.204676426172784,"Female","30s"
"1971_Missouri_Kansas-City_Paseo_5-5.png",1971,"Missouri",0.204255789310534,"Male","70s"
"1989_Vermont_Rutland_Rutland_8-01.png",1989,"Vermont",0.20379909434762,"Male","80s"
"1985_California_San-Francisco_Abraham-Lincoln_16-11.png",1985,"California",0.202014582517482,"Male","80s"
"1938_Massachusetts_Plymouth_Plymouth_4-2.png",1938,"Massachusetts",0.200733717830137,"Female","30s"
"1937_Virginia_Arlington_Washington-Lee_10-0.png",1937,"Virginia",0.198274435269039,"Female","30s"
"1984_Texas_Houston_Milby_8-18.png",1984,"Texas",0.196744779326454,"Male","80s"
"1988_California_San-Francisco_Abraham-Lincoln_22-1.png",1988,"California",0.195781864170043,"Male","80s"
"1980_Missouri_Kansas-City_Paseo_0-2.png",1980,"Missouri",0.195485082294408,"Male","80s"
"1982_Virginia_Arlington_Washington-Lee_15-10.png",1982,"Virginia",0.194477993834252,"Male","80s"
"1979_Vermont_Rutland_Rutland_4-11.png",1979,"Vermont",0.193933230733548,"Male","70s"
"1983_Massachusetts_Southbridge_Southbridge_6-10.png",1983,"Massachusetts",0.193807686767671,"Male","80s"
"1970_Indiana_Indianapolis_Arsenal-Technical_5-0.png",1970,"Indiana",0.193666921731872,"Male","70s"
"1970_Indiana_Indianapolis_Arsenal-Technical_f-9-0.png",1970,"Indiana",0.193275314637232,"Male","70s"
"1980_Missouri_Kansas-City_Paseo_13-16.png",1980,"Missouri",0.193252824483697,"Male","80s"
"1953_North-Carolina_Winston-Salem_Richard-J-Reynolds_0-19.png",1953,"North-Carolina",0.193189935035906,"Female","50s"
"1982_California_San-Francisco_Abraham-Lincoln_18-5.png",1982,"California",0.192292980643171,"Male","80s"
"1935_Pennsylvania_Pittsburgh_Allegheny_21-3.png",1935,"Pennsylvania",0.190643508455942,"Female","30s"
"1938_New-York_Brooklyn_Samuel-J-Tilden_f-23-23.png",1938,"New-York",0.190198469871404,"Female","30s"
"1980_Virginia_Arlington_Washington-Lee_7-0.png",1980,"Virginia",0.188327003316602,"Male","80s"
"1979_New-York_Brooklyn_Samuel-J-Tilden_f-18-6.png",1979,"New-York",0.188312031146435,"Male","70s"
"1980_Missouri_Kansas-City_Paseo_5-11.png",1980,"Missouri",0.187678597333039,"Male","80s"
"1983_California_San-Francisco_Abraham-Lincoln_11-0.png",1983,"California",0.187156539990335,"Male","80s"
"1937_Missouri_Kansas-City_Paseo_4-15.png",1937,"Missouri",0.187092831664676,"Female","30s"
"1977_South-Carolina_Charleston_Middleton_9-9.png",1977,"South-Carolina",0.185316488123817,"Male","70s"
"1982_Virginia_Arlington_Washington-Lee_34-9.png",1982,"Virginia",0.184837523734187,"Male","80s"
"1979_California_Brentwood_Liberty-Union_2-16.png",1979,"California",0.184472069507825,"Male","70s"
"1966_Missouri_Kansas-City_Paseo_f-2-5.png",1966,"Missouri",0.183878972821953,"Female","60s"
"1984_California_San-Francisco_Abraham-Lincoln_22-5.png",1984,"California",0.182629630392291,"Male","80s"
"1974_Wyoming_Lovell_Lovell_4-1.png",1974,"Wyoming",0.182335263007273,"Male","70s"
"1992_California_San-Francisco_Abraham-Lincoln_5-0.png",1992,"California",0.181649189805915,"Male","90s"
"1970_California_San-Diego_Mission-Bay_f-271.png",1970,"California",0.180518499449915,"Male","70s"
"1991_California_San-Francisco_Abraham-Lincoln_2-2.png",1991,"California",0.180287082049579,"Male","90s"
"1951_North-Carolina_Mayodan_Mayodan_0-2.png",1951,"North-Carolina",0.177953924375676,"Female","50s"
"1977_Texas_Houston_Milby_19-12.png",1977,"Texas",0.176850442325368,"Male","70s"
"1955_Virginia_Arlington_Washington-Lee_36-9.png",1955,"Virginia",0.176289805054819,"Female","50s"
"2013_Virginia_Arlington_Washington-Lee_26-2.png",2013,"Virginia",0.176186259962323,"Male","10s"
"1996_California_San-Francisco_Abraham-Lincoln_12-4.png",1996,"California",0.176011883214763,"Male","90s"
"2013_Virginia_Arlington_Washington-Lee_19-3.png",2013,"Virginia",0.174458634415889,"Male","10s"
"1973_Vermont_Rutland_Rutland_16-1.png",1973,"Vermont",0.17144321922744,"Male","70s"
"2009_California_San-Diego_Mission-Bay_4-9.png",2009,"California",0.171261605061719,"Male","00s"
"1965_Alabama_Huntsville_Lee_f-155.png",1965,"Alabama",0.1711462201175,"Female","60s"
"1995_California_Brentwood_Liberty-Union_2-2.png",1995,"California",0.170233100279341,"Male","90s"
"1988_California_San-Francisco_Abraham-Lincoln_1-8.png",1988,"California",0.168463726862986,"Male","80s"
"1995_California_Brentwood_Liberty-Union_9-15.png",1995,"California",0.167445883325629,"Male","90s"
"2001_Vermont_Rutland_Rutland_1-6.png",2001,"Vermont",0.166300338613566,"Male","00s"
"1994_California_San-Francisco_Abraham-Lincoln_8-6.png",1994,"California",0.165307086325532,"Male","90s"
"2013_Virginia_Arlington_Washington-Lee_28-6.png",2013,"Virginia",0.16483206451735,"Male","10s"
"2007_Massachusetts_Southbridge_Southbridge_0-26.png",2007,"Massachusetts",0.164770371604495,"Male","00s"
"1954_Virginia_Arlington_Washington-Lee_f-32-9.png",1954,"Virginia",0.164515756467501,"Female","50s"
"2013_Virginia_Arlington_Washington-Lee_11-0.png",2013,"Virginia",0.164455230286804,"Male","10s"
"1995_Indiana_Evansville_Harrison_14-14.png",1995,"Indiana",0.164394181393336,"Male","90s"
"2003_Indiana_Evansville_Harrison_16-7.png",2003,"Indiana",0.164166572694785,"Male","00s"
"1997_California_Brentwood_Liberty-Union_23-2.png",1997,"California",0.163863890800613,"Male","90s"
"2013_Virginia_Arlington_Washington-Lee_28-01.png",2013,"Virginia",0.162967650976026,"Male","10s"
"1970_California_San-Francisco_Abraham-Lincoln_22-11.png",1970,"California",0.162889126479112,"Male","70s"
"2013_Virginia_Arlington_Washington-Lee_13-03.png",2013,"Virginia",0.162184394643755,"Male","10s"
"1998_California_Brentwood_Liberty-Union_25-11.png",1998,"California",0.161401005363159,"Male","90s"
"2010_Massachusetts_Plymouth_Plymouth-North_22-8.png",2010,"Massachusetts",0.16118395266857,"Male","10s"
"1992_California_San-Francisco_Abraham-Lincoln_12-15.png",1992,"California",0.159762769987083,"Male","90s"
"1988_California_San-Francisco_Abraham-Lincoln_2-4.png",1988,"California",0.159721808631078,"Male","80s"
"2005_Kansas_Kansas-City_Harmon_f-5-10.png",2005,"Kansas",0.159154609627206,"Male","00s"
"2005_Kansas_Kansas-City_Harmon_1-13.png",2005,"Kansas",0.158263732672665,"Male","00s"
"1995_Indiana_Evansville_Harrison_12-9.png",1995,"Indiana",0.158091156199112,"Male","90s"
"2000_Virginia_Arlington_Washington-Lee_f-11-3.png",2000,"Virginia",0.157416907482419,"Male","00s"
"2002_California_Brentwood_Liberty-Union_0-15.png",2002,"California",0.156747317312329,"Male","00s"
"2002_Indiana_Evansville_Harrison_6-20.png",2002,"Indiana",0.155557831432214,"Male","00s"
"2013_Virginia_Arlington_Washington-Lee_16-02.png",2013,"Virginia",0.155532629225959,"Male","10s"
"2011_California_San-Francisco_Abraham-Lincoln_10-2.png",2011,"California",0.155170580898223,"Male","10s"
"2003_Indiana_Evansville_Harrison_2-23.png",2003,"Indiana",0.15484201179959,"Male","00s"
"2013_Virginia_Arlington_Washington-Lee_26-3.png",2013,"Virginia",0.154739547756268,"Male","10s"
"2001_Massachusetts_Plymouth_Plymouth-North_3-5.png",2001,"Massachusetts",0.154253664931325,"Male","00s"
"2000_Indiana_Evansville_Harrison_1-27.png",2000,"Indiana",0.153790249209332,"Male","00s"
"1998_California_Brentwood_Liberty-Union_21-9.png",1998,"California",0.153269339040714,"Male","90s"
"2003_California_San-Francisco_Abraham-Lincoln_20-8.png",2003,"California",0.152058219371239,"Male","00s"
"2013_Virginia_Arlington_Washington-Lee_16-8.png",2013,"Virginia",0.151904278946767,"Male","10s"
"2004_California_San-Francisco_Abraham-Lincoln_11-12.png",2004,"California",0.151834661754871,"Male","00s"
"1996_California_San-Francisco_Abraham-Lincoln_17-17.png",1996,"California",0.151276615230426,"Male","90s"
"2013_Virginia_Arlington_Washington-Lee_17-05.png",2013,"Virginia",0.150273546885505,"Male","10s"
"1997_California_Brentwood_Liberty-Union_12-12.png",1997,"California",0.150189438558893,"Male","90s"
"2003_Indiana_Evansville_Harrison_6-20.png",2003,"Indiana",0.149246101498722,"Male","00s"
"1997_California_Brentwood_Liberty-Union_9-3.png",1997,"California",0.148944510898429,"Male","90s"
"2008_Virginia_Arlington_Washington-Lee_1-6.png",2008,"Virginia",0.148877899596008,"Male","00s"
"1992_California_San-Francisco_Abraham-Lincoln_11-19.png",1992,"California",0.148730828245999,"Male","90s"
"1995_California_Brentwood_Liberty-Union_18-7.png",1995,"California",0.14822565440938,"Male","90s"
"2007_Massachusetts_Southbridge_Southbridge_8-3.png",2007,"Massachusetts",0.148223555641934,"Male","00s"
"1938_New-York_Brooklyn_Samuel-J-Tilden_9-6.png",1938,"New-York",0.147903408854688,"Male","30s"
"1968_California_San-Diego_Mission-Bay_24-7.png",1968,"California",0.147791526435287,"Male","60s"
"1953_California_Brentwood_Liberty-Union_6-3.png",1953,"California",0.147730857061559,"Male","50s"
"2013_Virginia_Arlington_Washington-Lee_6-4.png",2013,"Virginia",0.147004765017023,"Male","10s"
"2010_Kansas_Kansas-City_Schlagle_2-00.png",2010,"Kansas",0.146900699540098,"Male","10s"
"2000_Indiana_Evansville_Harrison_4-6.png",2000,"Indiana",0.146413667445562,"Male","00s"
"1967_Missouri_Kansas-City_Paseo_f-0-8.png",1967,"Missouri",0.146221220901686,"Male","60s"
"2000_Indiana_Evansville_Harrison_1-20.png",2000,"Indiana",0.145148442929693,"Male","00s"
"2002_Indiana_Evansville_Harrison_1-9.png",2002,"Indiana",0.144933506697951,"Male","00s"
"2001_California_Brentwood_Liberty-Union_10-4.png",2001,"California",0.144703846962963,"Male","00s"
"1966_California_San-Francisco_Abraham-Lincoln_1-15.png",1966,"California",0.144385051778227,"Male","60s"
"1935_Pennsylvania_Pittsburgh_Allegheny_15-6.png",1935,"Pennsylvania",0.144143386180735,"Male","30s"
"1992_California_San-Francisco_Abraham-Lincoln_12-22.png",1992,"California",0.143611102061622,"Male","90s"
"1995_Indiana_Evansville_Harrison_12-11.png",1995,"Indiana",0.143132615447763,"Male","90s"
"2009_California_San-Diego_Mission-Bay_8-3.png",2009,"California",0.142591726708087,"Male","00s"
"1944_Utah_Millard-County_Topaz-Relocation-Center_9-5.png",1944,"Utah",0.142507291482262,"Male","40s"
"2013_Virginia_Arlington_Washington-Lee_4-7.png",2013,"Virginia",0.142254601884072,"Male","10s"
"2012_Massachusetts_Plymouth_Plymouth-North_17-5.png",2012,"Massachusetts",0.141478174113114,"Male","10s"
"1966_California_San-Francisco_Abraham-Lincoln_22-6.png",1966,"California",0.141422174694864,"Male","60s"
"1935_Vermont_Rutland_Rutland_6-1.png",1935,"Vermont",0.141315773890949,"Male","30s"
"1934_Pennsylvania_Pittsburgh_Perry_14-3.png",1934,"Pennsylvania",0.14126104062506,"Male","30s"
"2002_Virginia_Arlington_Washington-Lee_1-02.png",2002,"Virginia",0.141086125564837,"Male","00s"
"2003_Indiana_Evansville_Harrison_13-11.png",2003,"Indiana",0.141019298192283,"Male","00s"
"1995_Vermont_Rutland_Rutland_10-3.png",1995,"Vermont",0.140948370143861,"Male","90s"
"1963_New-York_Brooklyn_Thomas-Jefferson_49-3.png",1963,"New-York",0.140789873852668,"Male","60s"
"1966_California_San-Francisco_Abraham-Lincoln_39-5.png",1966,"California",0.140739436377702,"Male","60s"
"1999_Indiana_Evansville_Harrison_15-22.png",1999,"Indiana",0.140228970219798,"Male","90s"
"1938_New-York_Brooklyn_Samuel-J-Tilden_f-19-10.png",1938,"New-York",0.140081003156636,"Male","30s"
"1992_California_San-Francisco_Abraham-Lincoln_4-2.png",1992,"California",0.139238212983014,"Male","90s"
"2002_New-York_Brooklyn_Samuel-J-TIlden_f-5-1.png",2002,"New-York",0.138435950628123,"Male","00s"
"2002_California_Brentwood_Liberty-Union_23-7.png",2002,"California",0.138202632369407,"Male","00s"
"2013_Kansas_Kansas-City_Harmon_f-7-12.png",2013,"Kansas",0.13767576769905,"Male","10s"
"1938_New-York_Brooklyn_Samuel-J-Tilden_1-18.png",1938,"New-York",0.137316501041458,"Male","30s"
"1935_Pennsylvania_Pittsburgh_South_12-5.png",1935,"Pennsylvania",0.136343240828866,"Male","30s"
"1963_Missouri_Kansas-City_Paseo_3-0.png",1963,"Missouri",0.135870759707435,"Male","60s"
"1947_Arizona_Douglas_Douglas_3-9.png",1947,"Arizona",0.135314520209189,"Male","40s"
"1948_New-York_Brooklyn_Thomas-Jefferson_29-2.png",1948,"New-York",0.135166095859664,"Male","40s"
"1967_California_San-Francisco_Abraham-Lincoln_35-6.png",1967,"California",0.135083269750971,"Male","60s"
"2000_Indiana_Evansville_Harrison_5-15.png",2000,"Indiana",0.134613759128218,"Male","00s"
"1931_Vermont_Rutland_Rutland_13-2.png",1931,"Vermont",0.134271449552318,"Male","30s"
"1948_New-York_Brooklyn_Thomas-Jefferson_25-7.png",1948,"New-York",0.133912919349289,"Male","40s"
"2013_Virginia_Arlington_Washington-Lee_18-3.png",2013,"Virginia",0.133795837276613,"Male","10s"
"2006_Vermont_Rutland_Rutland_16-2.png",2006,"Vermont",0.133734754389353,"Male","00s"
"2010_California_San-Diego_Mission-Bay_7-012.png",2010,"California",0.133584446876848,"Male","10s"
"1974_Virginia_Arlington_Washington-Lee_f-48-1.png",1974,"Virginia",0.133523433141344,"Male","70s"
"1998_California_Brentwood_Liberty-Union_22-7.png",1998,"California",0.13326974352028,"Male","90s"
"1933_Washington_Bellingham_Whatcom_2-3.png",1933,"Washington",0.133004463645753,"Male","30s"
"1958_Alabama_Locust-Fork_Locust-Fork_4-2.png",1958,"Alabama",0.132374443647344,"Male","50s"
"2009_California_San-Diego_Mission-Bay_0-5.png",2009,"California",0.132354030607676,"Male","00s"
"1944_Missouri_Kansas-City_Paseo_f-10-14.png",1944,"Missouri",0.132002212316027,"Male","40s"
"2010_Kansas_Kansas-City_Schlagle_f-4-27.png",2010,"Kansas",0.131864768892874,"Male","10s"
"1961_North-Carolina_Brevard_Brevard_10-5.png",1961,"North-Carolina",0.131735510290228,"Male","60s"
"2009_California_San-Diego_Mission-Bay_7-2.png",2009,"California",0.131735192937219,"Male","00s"
"2013_Virginia_Arlington_Washington-Lee_18-4.png",2013,"Virginia",0.131625770411102,"Male","10s"
"1993_California_San-Francisco_Abraham-Lincoln_4-12.png",1993,"California",0.131377357278598,"Male","90s"
"2010_Kansas_Kansas-City_Schlagle_4-25.png",2010,"Kansas",0.131277046718759,"Male","10s"
"1962_Missouri_Kansas-City_Paseo_9-4.png",1962,"Missouri",0.131247687723595,"Male","60s"
"1993_California_San-Francisco_Abraham-Lincoln_12-5.png",1993,"California",0.130899693733623,"Male","90s"
"1964_Missouri_Kansas-City_Paseo_3-5.png",1964,"Missouri",0.130823222135819,"Male","60s"
"1948_New-York_Brooklyn_Thomas-Jefferson_39-2.png",1948,"New-York",0.130397347202652,"Male","40s"
"1959_Indiana_Indianapolis_Broad-Ripple_f-10-23.png",1959,"Indiana",0.130351045561517,"Male","50s"
"1997_Indiana_Evansville_Harrison_7-16.png",1997,"Indiana",0.130098213468799,"Male","90s"
"1935_Pennsylvania_Pittsburgh_Allegheny_22-3.png",1935,"Pennsylvania",0.129775607719605,"Male","30s"
"1950_Missouri_Kansas-City_Paseo_0-34.png",1950,"Missouri",0.129769951245637,"Male","50s"
"1948_New-York_Brooklyn_Thomas-Jefferson_64-0.png",1948,"New-York",0.129735056151785,"Male","40s"
"1945_Missouri_Kansas-City_Paseo_f-9-5.png",1945,"Missouri",0.129702033743375,"Male","40s"
"1967_Florida_Miami_Norland_f-33-16.png",1967,"Florida",0.129360516036576,"Male","60s"
"1942_Vermont_Rutland_Rutland_3-16.png",1942,"Vermont",0.129221099343609,"Male","40s"
"1966_California_San-Francisco_Abraham-Lincoln_25-17.png",1966,"California",0.129113966741814,"Male","60s"
"1940_Virginia_Arlington_Washington-Lee_f-2-18.png",1940,"Virginia",0.128744923143481,"Male","40s"
"1967_California_San-Francisco_Abraham-Lincoln_14-14.png",1967,"California",0.128332819887363,"Male","60s"
"1963_Missouri_Kansas-City_Paseo_4-0.png",1963,"Missouri",0.128200830372427,"Male","60s"
"1967_California_San-Francisco_Abraham-Lincoln_5-10.png",1967,"California",0.127745602963454,"Male","60s"
"1993_California_San-Francisco_Abraham-Lincoln_6-15.png",1993,"California",0.127410572250202,"Male","90s"
"1990_California_San-Francisco_Abraham-Lincoln_12-18.png",1990,"California",0.127135330564581,"Male","90s"
"2012_Massachusetts_Plymouth_Plymouth-North_33-3.png",2012,"Massachusetts",0.127091834808347,"Male","10s"
"1965_California_San-Francisco_Abraham-Lincoln_13-17.png",1965,"California",0.125854100327547,"Male","60s"
"1945_Missouri_Kansas-City_Paseo_f-13-7.png",1945,"Missouri",0.125736426390344,"Male","40s"
"1930_Alabama_Birmingham_Jones-Valley_2-1.png",1930,"Alabama",0.125675168178934,"Male","30s"
"2010_Virginia_Arlington_Washington-Lee_f-0-8.png",2010,"Virginia",0.125144771879485,"Male","10s"
"1957_Vermont_Rutland_Rutland_f-6-9.png",1957,"Vermont",0.125083317621682,"Male","50s"
"1945_Ohio_Cleveland_Collinwood_49-03.png",1945,"Ohio",0.124986124944567,"Male","40s"
"1939_Missouri_Kansas-City_Paseo_5-5.png",1939,"Missouri",0.124918920613448,"Male","30s"
"1944_Missouri_Kansas-City_Paseo_f-12-34.png",1944,"Missouri",0.124531142477168,"Male","40s"
"2013_Virginia_Arlington_Washington-Lee_17-2.png",2013,"Virginia",0.124143810218374,"Male","10s"
"2013_Virginia_Arlington_Washington-Lee_17-3.png",2013,"Virginia",0.123619840142746,"Male","10s"
"1949_Arizona_Douglas_Douglas_4-14.png",1949,"Arizona",0.123318472830447,"Male","40s"
"1965_California_San-Francisco_Abraham-Lincoln_29-10.png",1965,"California",0.123112310722562,"Male","60s"
"1940_Texas_Houston_Milby_10-6.png",1940,"Texas",0.122974667294835,"Male","40s"
"1947_Missouri_Kansas-City_Paseo_f-16-12.png",1947,"Missouri",0.122338793146226,"Male","40s"
"1945_New-York_Brooklyn_Thomas-Jefferson_f-4-0.png",1945,"New-York",0.122200297778173,"Male","40s"
"1944_Ohio_Cleveland_Collinwood_f-33-2.png",1944,"Ohio",0.121596558474017,"Male","40s"
"1955_California_San-Francisco_Abraham-Lincoln_13-11.png",1955,"California",0.12116833377814,"Male","50s"
"1938_New-York_Brooklyn_Samuel-J-Tilden_f-8-9.png",1938,"New-York",0.121083808212647,"Male","30s"
"1946_Missouri_Kansas-City_Paseo_20-5.png",1946,"Missouri",0.120823229726214,"Male","40s"
"1933_Missouri_Kansas-City_Paseo_34-12.png",1933,"Missouri",0.120396626254846,"Male","30s"
"1935_Pennsylvania_Pittsburgh_South_17-12.png",1935,"Pennsylvania",0.11978367440004,"Male","30s"
"1943_New-York_Brooklyn_Thomas-Jefferson_f-4-4.png",1943,"New-York",0.119655361337066,"Male","40s"
"1963_New-York_Brooklyn_Thomas-Jefferson_41-2.png",1963,"New-York",0.119652805748926,"Male","60s"
"1938_New-York_Brooklyn_Samuel-J-Tilden_5-22.png",1938,"New-York",0.119566518094235,"Male","30s"
"1955_Virginia_Arlington_Washington-Lee_18-5.png",1955,"Virginia",0.119479336821897,"Male","50s"
"1966_California_San-Francisco_Abraham-Lincoln_26-17.png",1966,"California",0.119286233219919,"Male","60s"
"1937_Missouri_Kansas-City_Paseo_f-13-4.png",1937,"Missouri",0.119126422812521,"Male","30s"
"1944_Virginia_Arlington_Washington-Lee_14-1.png",1944,"Virginia",0.119077388862091,"Male","40s"
"1948_Vermont_Rutland_Rutland_0-2.png",1948,"Vermont",0.119075547143598,"Male","40s"
"1951_North-Carolina_Asheboro_Asheboro_4-2.png",1951,"North-Carolina",0.118930487248211,"Male","50s"
"1950_Michigan_Charlevoix_Charlevoix_8-5.png",1950,"Michigan",0.118920623460314,"Male","50s"
"1965_Vermont_Rutland_Rutland_f-14-15.png",1965,"Vermont",0.118331967853905,"Male","60s"
"1964_Alabama_Huntsville_Lee_1-7.png",1964,"Alabama",0.118100632876874,"Male","60s"
"1945_Ohio_Cleveland_Collinwood_40-00.png",1945,"Ohio",0.117784230063507,"Male","40s"
"1933_Missouri_Kansas-City_Paseo_36-5.png",1933,"Missouri",0.117251340808317,"Male","30s"
"1955_Virginia_Arlington_Washington-Lee_60-4.png",1955,"Virginia",0.117231617190704,"Male","50s"
"1944_Missouri_Kansas-City_Paseo_f-6-21.png",1944,"Missouri",0.116434976384652,"Male","40s"
"1936_Missouri_Kansas-City_Paseo_4-7.png",1936,"Missouri",0.11626933604181,"Male","30s"
"1955_California_Brentwood_Liberty-Union_13-0.png",1955,"California",0.115814914239156,"Male","50s"
"1945_Virginia_Arlington_Washington-Lee_30-2.png",1945,"Virginia",0.115782401271968,"Male","40s"
"1937_Missouri_Kansas-City_Paseo_f-12-16.png",1937,"Missouri",0.115371689665842,"Male","30s"
"1947_California_San-Francisco_Abraham-Lincoln_21-12.png",1947,"California",0.115164541970804,"Male","40s"
"1936_Missouri_Kansas-City_Paseo_17-14.png",1936,"Missouri",0.115150371215941,"Male","30s"
"1939_Missouri_Kansas-City_Paseo_2-9.png",1939,"Missouri",0.115010439726565,"Male","30s"
"1967_Vermont_Rutland_Rutland_4-10.png",1967,"Vermont",0.114684856260833,"Male","60s"
"1938_New-York_Brooklyn_Thomas-Jefferson_58-0.png",1938,"New-York",0.114547796315602,"Male","30s"
"1952_Arizona_Douglas_Douglas_3-7.png",1952,"Arizona",0.114477672476495,"Male","50s"
"1935_Missouri_Kansas-City_Paseo_f-15-5.png",1935,"Missouri",0.114255462970124,"Male","30s"
"1953_North-Carolina_Winston-Salem_James-A-Gray_1-8.png",1953,"North-Carolina",0.114225175897853,"Male","50s"
"1965_California_San-Francisco_Abraham-Lincoln_18-6.png",1965,"California",0.113925437493592,"Male","60s"
"1961_California_San-Francisco_Abraham-Lincoln_23-8.png",1961,"California",0.113900944034631,"Male","60s"
"1952_Arizona_Douglas_Douglas_5-7.png",1952,"Arizona",0.113864097324545,"Male","50s"
"1945_Ohio_Cleveland_Collinwood_18-04.png",1945,"Ohio",0.11383721894491,"Male","40s"
"2013_Kansas_Kansas-City_Harmon_2-12.png",2013,"Kansas",0.113731123619461,"Male","10s"
"1967_Virginia_Arlington_Washington-Lee_f-17-14.png",1967,"Virginia",0.113703632653055,"Male","60s"
"1943_Ohio_Cleveland_Collinwood_39-4.png",1943,"Ohio",0.11359959767741,"Male","40s"
"2013_Kansas_Kansas-City_Harmon_f-4-13.png",2013,"Kansas",0.113448274076472,"Male","10s"
"1944_Ohio_Cleveland_Collinwood_f-12-5.png",1944,"Ohio",0.113305922974126,"Male","40s"
"1953_California_Brentwood_Liberty-Union_2-1.png",1953,"California",0.11293178193673,"Male","50s"
"1965_Alabama_Huntsville_Lee_f-243.png",1965,"Alabama",0.112736173271633,"Male","60s"
"1966_California_San-Francisco_Abraham-Lincoln_5-15.png",1966,"California",0.112634651973972,"Male","60s"
"1935_Vermont_Rutland_Rutland_13-3.png",1935,"Vermont",0.112308801913085,"Male","30s"
"1965_Virginia_Arlington_Washington-Lee_17-6.png",1965,"Virginia",0.11196071176259,"Male","60s"
"2013_Kansas_Kansas-City_Harmon_1-9.png",2013,"Kansas",0.11195246687086,"Male","10s"
"2013_Kansas_Kansas-City_Harmon_f-2-13.png",2013,"Kansas",0.111916413659715,"Male","10s"
"1950_Arizona_Douglas_Douglas_7-8.png",1950,"Arizona",0.110464940879113,"Male","50s"
"1933_Missouri_Kansas-City_Paseo_31-3.png",1933,"Missouri",0.110244918617184,"Male","30s"
"1967_California_Vacaville_Vacaville_10-32.png",1967,"California",0.109318600106932,"Male","60s"
"1955_California_Brentwood_Liberty-Union_3-1.png",1955,"California",0.108945021829789,"Male","50s"
"1952_Arizona_Douglas_Douglas_5-4.png",1952,"Arizona",0.108062328065916,"Male","50s"
"1955_North-Carolina_Lincolnton_Lincolnton_11-10.png",1955,"North-Carolina",0.107838446111512,"Male","50s"
"1952_Arizona_Douglas_Douglas_3-4.png",1952,"Arizona",0.107714762490865,"Male","50s"
"1951_North-Carolina_Madison_Madison_1-7.png",1951,"North-Carolina",0.10733784397434,"Male","50s"
"1959_North-Carolina_Winston-Salem_Richard-J-Reynolds_6-2.png",1959,"North-Carolina",0.105968604040899,"Male","50s"
"1959_Indiana_Indianapolis_Broad-Ripple_f-10-3.png",1959,"Indiana",0.105915499683047,"Male","50s"
"1936_Pennsylvania_Pittsburgh_Allegheny_12-5.png",1936,"Pennsylvania",0.105220291231993,"Male","30s"
"1947_Vermont_Rutland_Rutland_0-13.png",1947,"Vermont",0.103700461591,"Male","40s"
"1937_Missouri_Kansas-City_Paseo_f-15-17.png",1937,"Missouri",0.103349354607822,"Male","30s"
"1932_Missouri_Kansas-City_Paseo_7-0.png",1932,"Missouri",0.102019329773913,"Male","30s"
"1956_North-Carolina_Mayodan_Mayodan_3-2.png",1956,"North-Carolina",0.101716446245327,"Male","50s"
"1934_Missouri_Kansas-City_Paseo_f-31-10.png",1934,"Missouri",0.101431649509953,"Male","30s"
"1955_Virginia_Arlington_Washington-Lee_31-0.png",1955,"Virginia",0.0999859463607382,"Male","50s"
"1950_Virginia_Arlington_Washington-Lee_32-3.png",1950,"Virginia",0.096863769708204,"Male","50s"
"1957_Texas_Houston_Milby_24-10.png",1957,"Texas",0.0942408237994249,"Male","50s"
"1958_North-Carolina_Winston-Salem_Richard-J-Reynolds_19-9.png",1958,"North-Carolina",0.0939687270052948,"Male","50s"
"1950_Virginia_Arlington_Washington-Lee_16-5.png",1950,"Virginia",0.0927908500053794,"Male","50s"
"1955_North-Carolina_Lincolnton_Lincolnton_1-8.png",1955,"North-Carolina",0.0916298616339015,"Male","50s"
